name,degree,closeness,betweenness,size,color
1,2,0.08333333333333333,0,20,pink
2,3,0.1111111111111111,1.5,30,lightblue
3,4,0.125,6.5,40,lightblue
4,1,0.07692307692307693,0,10,pink
5,4,0.125,9,40,yellow
6,1,0.07692307692307693,0,10,pink
7,1,0.07692307692307693,0,10,pink
