"","Var1","Var2","Var3","Var4","Var5","Var6"
"1",0.199036023554575,0.868657388572257,0.774721909643685,0.918005443653301,0.0311090851730882,-0.745111331200578
"2",0.290104523098634,0.123976116299426,0.836523951055589,0.984657598410727,0.475193261799493,-0.948691566316061
"3",0.378427648097114,0.896246215648015,0.471008861199445,0.654555522870039,0.956674990724313,-0.315391175366422
"4",0.114305967281781,0.547953532919495,0.0668927720963655,0.864359259856132,0.266780763886361,-0.8017249012503
"5",0.914989977498052,0.85295778334193,0.709871466501809,0.88265820064496,0.795320278461741,-0.10221037765814
